<?xml version="1.0" encoding="UTF-8" standalone="yes"?>
<addon id="script.tstream.newpct1" name="NewPCT1 Provider" version="0.2" provider-name="ike">
	<requires>
		<import addon="xbmc.python" version="2.12.0"/>
		<import addon="plugin.video.tstream" version="0.1"/>
	</requires>
	<extension point="xbmc.python.script" library="main.py">
		<provides>executable</provides>
	</extension>
	<extension point="xbmc.addon.metadata">
		<summary lang="en">NewPCT1 Provider</summary>
		<description lang="en">NewPCT1 Provider</description>
		<language></language>
		<platform>all</platform>
	</extension>
</addon>
