<?xml version="1.0" encoding="UTF-8" standalone="yes"?>
<addon id="repository.ike" name="iKe kodi addons repository" version="0.1" provider-name="iKe">
	<extension point="xbmc.addon.repository" name="iKe addon repository">
		<info compressed="false">https://raw.githubusercontent.com/mikelsantos/kodi/master/addons.xml</info>
		<checksum>https://raw.githubusercontent.com/mikelsantos/kodi/master/addons.xml.md5</checksum>
		<datadir zip="true">https://raw.githubusercontent.com/mikelsantos/kodi/master</datadir>
	</extension>
	<extension point="xbmc.addon.metadata">
		<summary>iKe kodi addons repository</summary>
   		<description lang="en">iKe kodi addons repository</description>
		<disclaimer></disclaimer>
		<platform>all</platform>
	</extension>
</addon>