<?xml version="1.0" encoding="UTF-8" standalone="yes"?>
<addon id="plugin.video.tstream" name="Torrent Stream" version="0.1" provider-name="ike">
	<requires>
		<import addon="xbmc.python" version="2.1.0"/>
	</requires>
	<extension point="xbmc.python.pluginsource" library="main.py">
		<provides>video</provides>
	</extension>
    <extension point="xbmc.python.module" library="resources/lib" />
	<extension point="xbmc.addon.metadata">
		<summary lang="en">Torrent streaming plugin</summary>
		<description lang="en">Torrent streaming plugin</description>
		<platform>all</platform>
		<language>en</language>		
	</extension>
</addon>
